{
  "xgboost": {
    "model_type": "xgboost",
    "ic": -0.0063281165902740405,
    "ic_pvalue": 0.8065454485176642,
    "brier_score": 0.2841980928702809,
    "sharpe_ratio": 0.004823120209525984,
    "directional_accuracy": 0.492,
    "num_examples": 1500,
    "feature_importance": {
      "vwap": 0.061335671693086624,
      "keltner_width": 0.05879838392138481,
      "nearest_swing_high_pct": 0.057771794497966766,
      "donchian_width": 0.05754992365837097,
      "kama": 0.05682901665568352,
      "bb_width": 0.05658295750617981,
      "donchian_middle": 0.05652633309364319,
      "rsi": 0.05598529055714607,
      "cmf": 0.055692143738269806,
      "donchian_lower": 0.05565906688570976,
      "nearest_swing_low_pct": 0.054969318211078644,
      "macd_signal": 0.05486501008272171,
      "atr_normalized": 0.054657530039548874,
      "mfi": 0.054631710052490234,
      "obv": 0.05403807759284973,
      "open_fvg_count": 0.053547073155641556,
      "macd_line": 0.051484812051057816,
      "donchian_upper": 0.0490758903324604,
      "macd_histogram": 0.0,
      "nearest_bullish_fvg_pct": 0.0,
      "nearest_bearish_fvg_pct": 0.0,
      "funding_rate": 0.0,
      "open_interest": 0.0
    },
    "shap_importance": {
      "rsi": 0.13325689733028412,
      "cmf": 0.1264159083366394,
      "bb_width": 0.11545998603105545,
      "mfi": 0.1007605716586113,
      "nearest_swing_low_pct": 0.09127514809370041,
      "nearest_swing_high_pct": 0.08590604364871979,
      "obv": 0.08532512933015823,
      "keltner_width": 0.0823538526892662,
      "donchian_upper": 0.0689481571316719,
      "atr_normalized": 0.06068515032529831,
      "open_fvg_count": 0.056722525507211685,
      "donchian_width": 0.05629081651568413,
      "macd_signal": 0.05625372752547264,
      "macd_line": 0.05367773026227951,
      "donchian_middle": 0.047313395887613297,
      "vwap": 0.03815549239516258,
      "kama": 0.03617275878787041,
      "donchian_lower": 0.03022712469100952,
      "macd_histogram": 0.0,
      "nearest_bullish_fvg_pct": 0.0,
      "nearest_bearish_fvg_pct": 0.0,
      "funding_rate": 0.0,
      "open_interest": 0.0
    },
    "ic_by_regime": {}
  },
  "lightgbm": {
    "model_type": "lightgbm",
    "ic": 0.00649150866289274,
    "ic_pvalue": 0.8016532199870654,
    "brier_score": 0.2791218956247422,
    "sharpe_ratio": 0.2165238513703279,
    "directional_accuracy": 0.5073333333333333,
    "num_examples": 1500,
    "feature_importance": {
      "rsi": 158.4,
      "cmf": 158.0,
      "mfi": 156.2,
      "nearest_swing_high_pct": 130.4,
      "nearest_swing_low_pct": 129.2,
      "bb_width": 126.8,
      "obv": 120.2,
      "keltner_width": 108.2,
      "donchian_width": 106.0,
      "macd_signal": 92.6,
      "atr_normalized": 85.8,
      "macd_line": 82.2,
      "donchian_upper": 58.6,
      "open_fvg_count": 51.8,
      "vwap": 47.2,
      "donchian_middle": 38.8,
      "donchian_lower": 27.8,
      "kama": 15.2,
      "macd_histogram": 0.0,
      "nearest_bullish_fvg_pct": 0.0,
      "nearest_bearish_fvg_pct": 0.0,
      "funding_rate": 0.0,
      "open_interest": 0.0
    },
    "shap_importance": {
      "rsi": 0.13455208089580814,
      "cmf": 0.11865019691289966,
      "bb_width": 0.10796437922030296,
      "keltner_width": 0.09223643440543282,
      "mfi": 0.08875236737828555,
      "nearest_swing_low_pct": 0.07264124675289958,
      "atr_normalized": 0.06611131633567228,
      "donchian_middle": 0.06324128367231954,
      "nearest_swing_high_pct": 0.06224561097332929,
      "obv": 0.061062703600616004,
      "donchian_width": 0.057104569979331346,
      "open_fvg_count": 0.05357962122736481,
      "macd_line": 0.050758619802506906,
      "vwap": 0.04807876497976651,
      "donchian_lower": 0.047300088575291166,
      "macd_signal": 0.044189442683653726,
      "donchian_upper": 0.03914473739768563,
      "kama": 0.02947729899169956,
      "macd_histogram": 0.0,
      "nearest_bullish_fvg_pct": 0.0,
      "nearest_bearish_fvg_pct": 0.0,
      "funding_rate": 0.0,
      "open_interest": 0.0
    },
    "ic_by_regime": {}
  },
  "grpo_adapter": null,
  "dpo_adapter": null,
  "data_path": "data/grpo_training_data.jsonl",
  "n_folds": 5
}